{"num_devices": 4, "num_hosts": 1, "backend": "gpu", "train/loss": 0.034551799297332764, "global_step": 28, "_timestamp": 1756308155.1634188, "optim/learning_rate": 9.999999747378752e-06, "eval/loss": 0.03797212988138199, "eval/macro_loss": 0.03797213360667229, "eval/loading_time": 0.04544652346521616, "eval/total_time": 9.096798499114811, "eval/val/loss": 0.03797213360667229, "throughput/total_tokens": 58720256, "throughput/total_gflops": 2074850184.7470243, "throughput/examples_per_second": 6.437572837134768, "throughput/tokens_per_second": 26368.29834090401, "throughput/duration": 79.53308070497587, "throughput/gflops_per_second": 931710.3229946637, "throughput/hook_time": 79.13051991863176, "throughput/loading_time": 0.0002317698672413826, "_runtime": 2541.815127849579, "_step": 28, "_wandb": {"runtime": 2607}}