{"num_devices": 4, "num_hosts": 1, "backend": "gpu", "train/loss": 0.0619022473692894, "global_step": 51, "_timestamp": 1756180869.995772, "optim/learning_rate": 9.999999747378752e-06, "eval/loss": 0.06060121953487396, "eval/macro_loss": 0.06060121953487396, "eval/loading_time": 0.04601070936769247, "eval/total_time": 17.928425600286573, "eval/val/loss": 0.06060121953487396, "throughput/total_tokens": 106954752, "throughput/total_gflops": 3779191407.9320803, "throughput/examples_per_second": 6.4539060240045005, "throughput/tokens_per_second": 26435.199074322434, "throughput/duration": 79.33180280216038, "throughput/gflops_per_second": 934074.2261611099, "throughput/hook_time": 71.70285370061174, "throughput/loading_time": 0.0002433941699564457, "_runtime": 4508.018426895142, "_step": 51, "_wandb": {"runtime": 4581}}