{"num_devices": 4, "num_hosts": 1, "backend": "gpu", "train/loss": 0.03579594939947128, "global_step": 36, "_timestamp": 1756296947.4357402, "optim/learning_rate": 9.999999747378752e-06, "eval/loss": 0.041763484477996826, "eval/macro_loss": 0.041763484477996826, "eval/loading_time": 1.4564763423986733, "eval/total_time": 17.695605366956443, "eval/val/loss": 0.041763484477996826, "throughput/total_tokens": 75497472, "throughput/total_gflops": 2667664523.2461743, "throughput/examples_per_second": 6.4378378105496, "throughput/tokens_per_second": 26369.38367201116, "throughput/duration": 79.52980722207576, "throughput/gflops_per_second": 931748.6726137149, "throughput/hook_time": 92.3745448300615, "throughput/loading_time": 0.0002570813521742821, "_runtime": 3251.977643251419, "_step": 36, "_wandb": {"runtime": 3323}}