{"num_devices": 4, "num_hosts": 1, "backend": "gpu", "train/loss": 0.07263661175966263, "global_step": 42, "_timestamp": 1756169098.6730425, "optim/learning_rate": 9.999999747378752e-06, "eval/loss": 0.08135581016540527, "eval/macro_loss": 0.08135581016540527, "eval/loading_time": 0.0490295747295022, "eval/total_time": 13.506365980021656, "eval/val/loss": 0.08135581016540527, "throughput/total_tokens": 88080384, "throughput/total_gflops": 3112275277.120537, "throughput/examples_per_second": 6.45048605213438, "throughput/tokens_per_second": 26421.19086954242, "throughput/duration": 79.37386359134689, "throughput/gflops_per_second": 933579.2534165124, "throughput/hook_time": 71.95047959825024, "throughput/loading_time": 0.0002705361694097519, "_runtime": 3690.3015146255493, "_step": 42, "_wandb": {"runtime": 3763}}