{"num_devices": 4, "num_hosts": 1, "backend": "gpu", "train/loss": 0.04496658593416214, "global_step": 64, "_timestamp": 1756208100.19344, "optim/learning_rate": 9.999999747378752e-06, "eval/loss": 0.05017123371362686, "eval/macro_loss": 0.05017123371362686, "eval/loading_time": 0.25242288829758763, "eval/total_time": 22.6384949227795, "eval/val/loss": 0.05017123371362686, "throughput/total_tokens": 134217728, "throughput/total_gflops": 4742514707.993198, "throughput/examples_per_second": 6.450448032789249, "throughput/tokens_per_second": 26421.035142304765, "throughput/duration": 79.37433142587543, "throughput/gflops_per_second": 933573.7508742922, "throughput/hook_time": 70.88246980216354, "throughput/loading_time": 0.00021332688629627228, "_runtime": 5578.951191902161, "_step": 64, "_wandb": {"runtime": 5647}}