{"num_devices": 4, "num_hosts": 1, "backend": "gpu", "train/loss": 0.051425013691186905, "global_step": 58, "_timestamp": 1756193896.8952239, "optim/learning_rate": 9.999999747378752e-06, "eval/loss": 0.05492324382066727, "eval/macro_loss": 0.05492324382066727, "eval/loading_time": 1.588333300780505, "eval/total_time": 21.75347138522193, "eval/val/loss": 0.05492324382066727, "throughput/total_tokens": 121634816, "throughput/total_gflops": 4297903954.118836, "throughput/examples_per_second": 6.470488948020354, "throughput/tokens_per_second": 26503.12273109137, "throughput/duration": 79.1284869061783, "throughput/gflops_per_second": 936474.2738004752, "throughput/hook_time": 69.5988876959309, "throughput/loading_time": 0.0003409958444535732, "_runtime": 5039.836314916611, "_step": 58, "_wandb": {"runtime": 5105}}