{"num_devices": 4, "num_hosts": 1, "backend": "gpu", "train/loss": 0.04116854444146156, "global_step": 67, "_timestamp": 1756222876.5149214, "optim/learning_rate": 9.999999747378752e-06, "eval/loss": 0.047198034822940826, "eval/macro_loss": 0.047198034822940826, "eval/loading_time": 0.7648172369226813, "eval/total_time": 25.38685555011034, "eval/val/loss": 0.047198034822940826, "throughput/total_tokens": 140509184, "throughput/total_gflops": 4964820084.93038, "throughput/examples_per_second": 6.453412917779584, "throughput/tokens_per_second": 26433.179311225176, "throughput/duration": 79.33786455681548, "throughput/gflops_per_second": 934002.8588660577, "throughput/hook_time": 65.09743700316176, "throughput/loading_time": 0.0015686131082475185, "_runtime": 5820.023371458054, "_step": 67, "_wandb": {"runtime": 5893}}