{"num_devices": 4, "num_hosts": 1, "backend": "gpu", "train/loss": 0.10985434800386429, "global_step": 9, "_timestamp": 1756149407.016154, "optim/learning_rate": 9.999999747378752e-06, "eval/loss": 0.10045632719993591, "eval/macro_loss": 0.10045632719993591, "eval/loading_time": 3.5742105888202786, "eval/total_time": 5.849326080176979, "eval/val/loss": 0.10045632719993591, "throughput/total_tokens": 18874368, "throughput/total_gflops": 666916130.8115436, "throughput/examples_per_second": 6.453333034431803, "throughput/tokens_per_second": 26432.852109032665, "throughput/duration": 79.33884664997458, "throughput/gflops_per_second": 933991.2973440919, "throughput/hook_time": 61.21677089203149, "throughput/loading_time": 0.00012801401317119598, "_runtime": 937.3160891532898, "_step": 9, "_wandb": {"runtime": 1008}}