{"num_devices": 4, "num_hosts": 1, "backend": "gpu", "train/loss": 0.09105757623910904, "global_step": 34, "_timestamp": 1756158476.097349, "optim/learning_rate": 9.999999747378752e-06, "eval/loss": 0.10162492096424103, "eval/macro_loss": 0.10162492096424103, "eval/loading_time": 1.6328039094805717, "eval/total_time": 12.947684156242758, "eval/val/loss": 0.10162492096424103, "throughput/total_tokens": 71303168, "throughput/total_gflops": 2519460938.6213865, "throughput/examples_per_second": 6.453603187043595, "throughput/tokens_per_second": 26433.958654130565, "throughput/duration": 79.3355254670605, "throughput/gflops_per_second": 934030.3965486459, "throughput/hook_time": 65.80097224703059, "throughput/loading_time": 0.0002264087088406086, "_runtime": 3019.735345840454, "_step": 34, "_wandb": {"runtime": 3089}}